url,caption,time,n_frames_requested,n_frames_used,action
https://www.nba.com/stats/events/?CFID=&CFPARAMS=&GameEventID=464&GameID=0022400366&Season=2024-25&flag=1&title=Jackson%20Jr.%2011%27%20Driving%20Floating%20Jump%20Shot%20(13%20PTS)%20(Pippen%20Jr.%205%20AST),"""A player with jersey number 23 and jersey color white performed a 3PT Shot that was made and was assisted by player with jersey number 7.""",1.4256799221038818,,0,3PT Shot
https://www.nba.com/stats/events/?CFID=&CFPARAMS=&GameEventID=187&GameID=0022400871&Season=2024-25&flag=1&title=Sochan%205%27%20Cutting%20Layup%20Shot%20(7%20PTS)%20(Champagnie%201%20AST),"""A player with jersey number 55 and jersey color blue performed a 2PT Shot that was made and was assisted by player with jersey number 3.""",11.174009799957275,,3,2PT Shot
https://www.nba.com/stats/events/?CFID=&CFPARAMS=&GameEventID=550&GameID=0022400375&Season=2024-25&flag=1&title=Herro%203%27%20Reverse%20Layup%20(22%20PTS)%20(Smith%203%20AST),"""A player with jersey number 3 and jersey color red performed a 2PT Shot that was made and was assisted by player with jersey number 55.""",11.062379121780396,,3,2PT Shot
https://www.nba.com/stats/events/?CFID=&CFPARAMS=&GameEventID=52&GameID=0022400874&Season=2024-25&flag=1&title=Harden%203%27%20Driving%20Finger%20Roll%20Layup%20(2%20PTS)%20(Powell%201%20AST),"""A player with jersey number 11 and jersey color white performed a 2PT Shot that was made and was assisted by player with jersey number 7.""",7.678004026412964,,2,2PT Shot
https://www.nba.com/stats/events/?CFID=&CFPARAMS=&GameEventID=92&GameID=0022400867&Season=2024-25&flag=1&title=Sharpe%2010%27%20Driving%20Floating%20Jump%20Shot%20(7%20PTS),"""A player with jersey number 11 and jersey color red performed a 2PT Shot that was made and was assisted by player with jersey number 23.""",7.835423946380615,,2,2PT Shot
https://www.nba.com/stats/events/?CFID=&CFPARAMS=&GameEventID=155&GameID=0022401216&Season=2024-25&flag=1&title=Green%201%27%20Cutting%20Dunk%20Shot%20(4%20PTS)%20(Theis%201%20AST),"""A player with jersey number 4 and jersey color purple performed a 2PT Shot that was made and was assisted by player with jersey number 1.""",25.167125940322876,,7,2PT Shot
https://www.nba.com/stats/events/?CFID=&CFPARAMS=&GameEventID=170&GameID=0022400374&Season=2024-25&flag=1&title=Antetokounmpo%201%27%20Driving%20Layup%20(7%20PTS),"""A player with jersey number 23 and jersey color white performed a 3PT Shot that was made and was assisted by player with jersey number 7.""",0.9371788501739502,,0,3PT Shot
https://www.nba.com/stats/events/?CFID=&CFPARAMS=&GameEventID=93&GameID=0022400864&Season=2024-25&flag=1&title=Curry%201%27%20Cutting%20Layup%20Shot%20(6%20PTS)%20(Green%202%20AST),"""A player with jersey number 30 and jersey color blue performed a 2PT Shot that was made and was assisted by player with jersey number 0.""",17.89320683479309,,5,2PT Shot
https://www.nba.com/stats/events/?CFID=&CFPARAMS=&GameEventID=38&GameID=0022401224&Season=2024-25&flag=1&title=Mitchell%2015%27%20Turnaround%20Jump%20Shot%20(2%20PTS),"""A player with jersey number 11 and jersey color white performed a 3PT Shot that was made and was assisted by player with jersey number 2.""",7.79852294921875,,2,3PT Shot
https://www.nba.com/stats/events/?CFID=&CFPARAMS=&GameEventID=56&GameID=0022400865&Season=2024-25&flag=1&title=Irving%202%27%20Driving%20Finger%20Roll%20Layup%20(2%20PTS),"""A player with jersey number 1 and jersey color white performed a 2PT Shot that was made and was assisted by player with jersey number 25.""",33.13870620727539,,9,2PT Shot
https://www.nba.com/stats/events/?CFID=&CFPARAMS=&GameEventID=580&GameID=0022401218&Season=2024-25&flag=1&title=Sochan%2012%27%20Turnaround%20Jump%20Shot%20(16%20PTS)%20(Wembanyama%205%20AST),"""A player with jersey number 23 and jersey color white performed a 3PT Shot that was made and was assisted by player with jersey number 7.""",1.0030410289764404,,0,3PT Shot
https://www.nba.com/stats/events/?CFID=&CFPARAMS=&GameEventID=192&GameID=0022400433&Season=2024-25&flag=1&title=Williams%204%27%20Running%20Layup%20(2%20PTS)%20(Sexton%204%20AST),"""A player with jersey number 25 and jersey color white performed a 2PT Shot that was made and was assisted by player with jersey number 28.""",37.19950890541077,,10,2PT Shot
https://www.nba.com/stats/events/?CFID=&CFPARAMS=&GameEventID=76&GameID=0022400919&Season=2024-25&flag=1&title=Curry%2019%27%20Step%20Back%20Jump%20Shot%20(5%20PTS)%20(Green%201%20AST),"""A player with jersey number 7 and jersey color blue performed a 2PT Shot that was made and was assisted by player with jersey number 1.""",14.693989038467407,,4,2PT Shot
https://www.nba.com/stats/events/?CFID=&CFPARAMS=&GameEventID=245&GameID=0022400862&Season=2024-25&flag=1&title=Sengun%202%27%20Driving%20Dunk%20(14%20PTS),"""A player with jersey number 17 and jersey color red performed a 2PT Shot that was made and was assisted by player with jersey number 0.""",7.9702839851379395,,2,2PT Shot
https://www.nba.com/stats/events/?CFID=&CFPARAMS=&GameEventID=353&GameID=0022401219&Season=2024-25&flag=1&title=Clingan%203%27%20Layup%20(10%20PTS)%20(Grant%202%20AST),"""A player with jersey number 23 and jersey color white performed a 3PT Shot that was made and was assisted by player with jersey number 33.""",11.282482862472534,,3,3PT Shot
https://www.nba.com/stats/events/?CFID=&CFPARAMS=&GameEventID=305&GameID=0022400872&Season=2024-25&flag=1&title=Williamson%207%27%20Driving%20Layup%20(14%20PTS)%20(McCollum%203%20AST),"""A player with jersey number 1 and jersey color white performed a 2PT Shot that was made and was assisted by player with jersey number 3.""",8.054269790649414,,2,2PT Shot
https://www.nba.com/stats/events/?CFID=&CFPARAMS=&GameEventID=556&GameID=0022401218&Season=2024-25&flag=1&title=Gobert%201%27%20Alley%20Oop%20Dunk%20(6%20PTS)%20(DiVincenzo%201%20AST),"""A player with jersey number 1 and jersey color white performed a 3PT Shot that was made and was assisted by player with jersey number 1.""",7.807153940200806,,2,3PT Shot
https://www.nba.com/stats/events/?CFID=&CFPARAMS=&GameEventID=570&GameID=0022400887&Season=2024-25&flag=1&title=McDaniels%2016%27%20Fadeaway%20Jumper%20(17%20PTS)%20(DiVincenzo%207%20AST),"""A player with jersey number 3 and jersey color blue performed a 2PT Shot that was made and was assisted by player with jersey number 5.""",14.577446937561035,,4,2PT Shot
https://www.nba.com/stats/events/?CFID=&CFPARAMS=&GameEventID=632&GameID=0022401216&Season=2024-25&flag=1&title=Siakam%203%27%20Finger%20Roll%20Layup%20(22%20PTS)%20(Haliburton%208%20AST),"""A player with jersey number 0 and jersey color white performed a 2PT Shot that was made and was assisted by player with jersey number 25.""",14.616816759109495,,4,2PT Shot
https://www.nba.com/stats/events/?CFID=&CFPARAMS=&GameEventID=22&GameID=0022400923&Season=2024-25&flag=1&title=Edey%2011%27%20Floating%20Jump%20Shot%20(2%20PTS)%20(Bane%201%20AST),"""A player with jersey number 14 and jersey color white performed a 2PT Shot that was made and was assisted by player with jersey number 15.""",7.780881881713867,,2,2PT Shot
https://www.nba.com/stats/events/?CFID=&CFPARAMS=&GameEventID=700&GameID=0022400894&Season=2024-25&flag=1&title=Filipowski%203%27%20Layup%20(23%20PTS),"""A player with jersey number 20 and jersey color white performed a 2PT Shot that was made and was assisted by player with jersey number 1.""",7.9266180992126465,,2,2PT Shot
https://www.nba.com/stats/events/?CFID=&CFPARAMS=&GameEventID=221&GameID=0022401223&Season=2024-25&flag=1&title=Walter%207%27%20Driving%20Floating%20Jump%20Shot%20(4%20PTS),"""A player with jersey number 11 and jersey color red performed a 2PT Shot that was made and was assisted by player with jersey number 2.""",7.920888900756836,,2,2PT Shot
https://www.nba.com/stats/events/?CFID=&CFPARAMS=&GameEventID=524&GameID=0022401218&Season=2024-25&flag=1&title=DiVincenzo%203%27%20Driving%20Layup%20(5%20PTS)%20(Conley%206%20AST),"""A player with jersey number 23 and jersey color white performed a 3PT Shot that was made and was assisted by player with jersey number 7.""",0.9853110313415528,,0,3PT Shot
https://www.nba.com/stats/events/?CFID=&CFPARAMS=&GameEventID=429&GameID=0022400368&Season=2024-25&flag=1&title=Porter%20Jr.%2013%27%20Step%20Back%20Jump%20Shot%20(4%20PTS),"""A player with jersey number 33 and jersey color blue performed a 2PT Shot that was made and was assisted by player with jersey number 25.""",14.58861494064331,,4,2PT Shot
https://www.nba.com/stats/events/?CFID=&CFPARAMS=&GameEventID=381&GameID=0022400864&Season=2024-25&flag=1&title=Oubre%20Jr.%201%27%20Driving%20Reverse%20Layup%20(17%20PTS),"""A player with jersey number 23 and jersey color blue performed a 2PT Shot that was made and was assisted by player with jersey number 2.""",7.939839124679565,,2,2PT Shot
https://www.nba.com/stats/events/?CFID=&CFPARAMS=&GameEventID=607&GameID=0022401227&Season=2024-25&flag=1&title=Anthony%202%27%20Driving%20Layup%20(4%20PTS),"""A player with jersey number 23 and jersey color white performed a 2PT Shot that was made and was assisted by player with jersey number 7.""",7.830660104751587,,2,2PT Shot
https://www.nba.com/stats/events/?CFID=&CFPARAMS=&GameEventID=17&GameID=0022400868&Season=2024-25&flag=1&title=Bulls%20Rebound,"""A player with jersey number 12 and jersey color red performed a 2PT Shot that was made and was assisted by player with jersey number 2.""",11.15856122970581,,3,2PT Shot
https://www.nba.com/stats/events/?CFID=&CFPARAMS=&GameEventID=31&GameID=0022401219&Season=2024-25&flag=1&title=Nurkic%202%27%20Cutting%20Dunk%20Shot%20(3%20PTS)%20(Jones%201%20AST),"""A player with jersey number 1 and jersey color white performed a 2PT Shot that was made and was assisted by player with jersey number 11.""",14.513306140899658,,4,2PT Shot
https://www.nba.com/stats/events/?CFID=&CFPARAMS=&GameEventID=47&GameID=0022400910&Season=2024-25&flag=1&title=Vassell%2014%27%20Pullup%20Jump%20Shot%20(4%20PTS),"""A player with jersey number 40 and jersey color white performed a 2PT Shot that was made and was assisted by player with jersey number 3.""",11.098376989364624,,3,2PT Shot
https://www.nba.com/stats/events/?CFID=&CFPARAMS=&GameEventID=412&GameID=0022400402&Season=2024-25&flag=1&title=Beal%208%27%20Driving%20Layup%20(17%20PTS)%20(Jones%202%20AST),"""A player with jersey number 23 and jersey color white performed a 2PT Shot that was made and was assisted by player with jersey number 10.""",1.133436918258667,,0,2PT Shot
https://www.nba.com/stats/events/?CFID=&CFPARAMS=&GameEventID=785&GameID=0022400919&Season=2024-25&flag=1&title=Cunningham%206%27%20Running%20Layup%20(29%20PTS),"""A player with jersey number 2 and jersey color blue performed a 2PT Shot that was made and was assisted by player with jersey number 17.""",14.606854915618896,,4,2PT Shot
https://www.nba.com/stats/events/?CFID=&CFPARAMS=&GameEventID=337&GameID=0022400905&Season=2024-25&flag=1&title=Barnes%2011%27%20Turnaround%20Fadeaway%20(6%20PTS),"""A player with jersey number 11 and jersey color white performed a 2PT Shot that was made and was assisted by player with jersey number 23.""",7.94132924079895,,2,2PT Shot
https://www.nba.com/stats/events/?CFID=&CFPARAMS=&GameEventID=486&GameID=0022401222&Season=2024-25&flag=1&title=Maxey%201%27%20Driving%20Layup%20(30%20PTS)%20(Oubre%20Jr.%204%20AST),"""A player with jersey number 23 and jersey color white performed a 3PT Shot that was made and was assisted by player with jersey number 7.""",1.0345656871795654,,0,3PT Shot
https://www.nba.com/stats/events/?CFID=&CFPARAMS=&GameEventID=585&GameID=0022400901&Season=2024-25&flag=1&title=Post%2014%27%20Floating%20Jump%20Shot%20(10%20PTS)%20(Curry%204%20AST),"""A player with jersey number 23 and jersey color white performed a 3PT Shot that was made and was assisted by player with jersey number 7.""",1.0567560195922852,,0,3PT Shot
https://www.nba.com/stats/events/?CFID=&CFPARAMS=&GameEventID=73&GameID=0022400885&Season=2024-25&flag=1&title=MISS%20Curry%203%27%20Driving%20Finger%20Roll%20Layup,"""A player with jersey number 30 and jersey color blue performed a 2PT Shot that was made and was assisted by player with jersey number 4.""",14.723562955856323,,4,2PT Shot
https://www.nba.com/stats/events/?CFID=&CFPARAMS=&GameEventID=525&GameID=0022400884&Season=2024-25&flag=1&title=Capela%201%27%20Layup%20(8%20PTS)%20(Young%2010%20AST),"""A player with jersey number 11 and jersey color red performed a 2PT Shot that was made and was assisted by player with jersey number 15.""",11.211657047271729,,3,2PT Shot
https://www.nba.com/stats/events/?CFID=&CFPARAMS=&GameEventID=484&GameID=0022400375&Season=2024-25&flag=1&title=J.%20Williams%2012%27%20Pullup%20Jump%20Shot%20(24%20PTS)%20(Caruso%204%20AST),"""A player with jersey number 55 and jersey color red performed a 2PT Shot that was made and was assisted by player with jersey number 5.""",7.76945686340332,,2,2PT Shot
https://www.nba.com/stats/events/?CFID=&CFPARAMS=&GameEventID=320&GameID=0022400910&Season=2024-25&flag=1&title=LaVine%2017%27%20Fadeaway%20Jumper%20(23%20PTS)%20(Valan%C4%8Di%C5%ABnas%204%20AST),"""A player with jersey number 13 and jersey color white performed a Free Throw.""",10.886085033416748,,3,Free Throw
https://www.nba.com/stats/events/?CFID=&CFPARAMS=&GameEventID=448&GameID=0022400887&Season=2024-25&flag=1&title=TIMBERWOLVES%20Rebound,"""A player with jersey number 11 and jersey color blue performed a Block.""",17.471606016159058,,5,Block
https://www.nba.com/stats/events/?CFID=&CFPARAMS=&GameEventID=232&GameID=0022400886&Season=2024-25&flag=1&title=Horton-Tucker%201%27%20Driving%20Finger%20Roll%20Layup%20(12%20PTS),"""A player with jersey number 5 and jersey color white performed a 2PT Shot that was made and was assisted by player with jersey number 35.""",28.965027809143063,,8,2PT Shot
https://www.nba.com/stats/events/?CFID=&CFPARAMS=&GameEventID=482&GameID=0022401223&Season=2024-25&flag=1&title=MISS%20Vucevic%203%27%20Reverse%20Layup,"""A player with jersey number 2 and jersey color black performed a 2PT Shot that was made and was assisted by player with jersey number 2.""",7.809721946716309,,2,2PT Shot
https://www.nba.com/stats/events/?CFID=&CFPARAMS=&GameEventID=399&GameID=0022400367&Season=2024-25&flag=1&title=Randle%202%27%20Running%20Layup%20(23%20PTS)%20(Edwards%206%20AST),"""A player with jersey number 11 and jersey color white performed a 2PT Shot that was made and was assisted by player with jersey number 1.""",11.169495820999146,,3,2PT Shot
https://www.nba.com/stats/events/?CFID=&CFPARAMS=&GameEventID=611&GameID=0022400860&Season=2024-25&flag=1&title=Smith%20Jr.%2015%27%20Pullup%20Jump%20Shot%20(12%20PTS)%20(Green%205%20AST),"""A player with jersey number 8 and jersey color purple performed a 2PT Shot that was made and was assisted by player with jersey number 41.""",7.857912063598633,,2,2PT Shot
https://www.nba.com/stats/events/?CFID=&CFPARAMS=&GameEventID=391&GameID=0022400865&Season=2024-25&flag=1&title=Lillard%208%27%20Running%20Finger%20Roll%20Layup%20(18%20PTS)%20(Prince%204%20AST),"""A player with jersey number 00 and jersey color white performed a 2PT Shot that was made and was assisted by player with jersey number 26.""",25.571638822555546,,7,2PT Shot
https://www.nba.com/stats/events/?CFID=&CFPARAMS=&GameEventID=307&GameID=0022400952&Season=2024-25&flag=1&title=McDaniels%203%27%20Running%20Layup%20(8%20PTS)%20(Gobert%202%20AST),"""A player with jersey number 15 and jersey color white performed a 2PT Shot that was made and was assisted by player with jersey number 1.""",7.911155939102173,,2,2PT Shot
https://www.nba.com/stats/events/?CFID=&CFPARAMS=&GameEventID=585&GameID=0022400866&Season=2024-25&flag=1&title=Murray%203%27%20Driving%20Layup%20(24%20PTS),"""A player with jersey number 13 and jersey color white performed a 3PT Shot that was made and was assisted by player with jersey number 15.""",8.047454833984375,,2,3PT Shot
https://www.nba.com/stats/events/?CFID=&CFPARAMS=&GameEventID=462&GameID=0022401219&Season=2024-25&flag=1&title=Dunn%203%27%20Reverse%20Layup%20(2%20PTS)%20(Booker%204%20AST),"""A player with jersey number 34 and jersey color white performed a 2PT Shot that was made and was assisted by player with jersey number 22.""",7.770427227020264,,2,2PT Shot
https://www.nba.com/stats/events/?CFID=&CFPARAMS=&GameEventID=15&GameID=0022400433&Season=2024-25&flag=1&title=Clarkson%2023%27%20Jump%20Shot%20(2%20PTS)%20(Sexton%201%20AST),"""A player with jersey number 00 and jersey color purple performed a Free Throw that was made and was assisted by player with jersey number 23.""",18.11424708366394,,5,Free Throw
https://www.nba.com/stats/events/?CFID=&CFPARAMS=&GameEventID=70&GameID=0022400865&Season=2024-25&flag=1&title=Washington%205%27%20Driving%20Hook%20Shot%20(2%20PTS),"""A player with jersey number 11 and jersey color green performed a 2PT Shot that was made and was assisted by player with jersey number 13.""",7.789759874343872,,2,2PT Shot
https://www.nba.com/stats/events/?CFID=&CFPARAMS=&GameEventID=552&GameID=0022400378&Season=2024-25&flag=1&title=LaRavia%2015%27%20Fadeaway%20Jumper%20(11%20PTS)%20(Konchar%201%20AST),"""A player with jersey number 25 and jersey color blue performed a Rebound.""",0.7392380237579346,,0,Rebound
https://www.nba.com/stats/events/?CFID=&CFPARAMS=&GameEventID=518&GameID=0022400860&Season=2024-25&flag=1&title=Kispert%208%27%20Driving%20Floating%20Jump%20Shot%20(10%20PTS)%20(Holmes%203%20AST),"""A player with jersey number 9 and jersey color white performed a 2PT Shot that was made and was assisted by player with jersey number 3.""",21.69288396835327,,6,2PT Shot
https://www.nba.com/stats/events/?CFID=&CFPARAMS=&GameEventID=154&GameID=0022400860&Season=2024-25&flag=1&title=Green%201%27%20Pullup%20Jump%20Shot%20(8%20PTS),"""A player with jersey number 1 and jersey color purple performed a 3PT Shot that was made and was assisted by player with jersey number 10.""",7.783521890640259,,2,3PT Shot
https://www.nba.com/stats/events/?CFID=&CFPARAMS=&GameEventID=48&GameID=0022400384&Season=2024-25&flag=1&title=McCollum%2011%27%20Step%20Back%20Jump%20Shot%20(4%20PTS),"""A player with jersey number 23 and jersey color white performed a 2PT Shot that was made and was assisted by player with jersey number 7.""",0.9251258373260498,,0,2PT Shot
https://www.nba.com/stats/events/?CFID=&CFPARAMS=&GameEventID=55&GameID=0022400394&Season=2024-25&flag=1&title=Sochan%201%27%20Reverse%20Layup%20(4%20PTS)%20(Wembanyama%201%20AST),"""A player with jersey number 10 and jersey color black performed a 2PT Shot that was made and was assisted by player with jersey number 24.""",21.660977125167847,,6,2PT Shot
https://www.nba.com/stats/events/?CFID=&CFPARAMS=&GameEventID=237&GameID=0022400919&Season=2024-25&flag=1&title=Beasley%208%27%20Driving%20Floating%20Jump%20Shot%20(4%20PTS)%20(Schroder%201%20AST),"""A player with jersey number 24 and jersey color white performed a 2PT Shot that was made and was assisted by player with jersey number 10.""",8.050877332687378,,2,2PT Shot
https://www.nba.com/stats/events/?CFID=&CFPARAMS=&GameEventID=147&GameID=0022400378&Season=2024-25&flag=1&title=MISS%20Jackson%20Jr.%2010%27%20Driving%20Floating%20Jump%20Shot,"""A player with jersey number 23 and jersey color white performed a 3PT Shot that was made and was assisted by player with jersey number 7.""",0.9368996620178224,,0,3PT Shot
https://www.nba.com/stats/events/?CFID=&CFPARAMS=&GameEventID=609&GameID=0022400884&Season=2024-25&flag=1&title=Lillard%201%27%20Driving%20Layup%20(20%20PTS),"""A player with jersey number 23 and jersey color white performed a 2PT Shot that was made and was assisted by player with jersey number 7.""",1.0533819198608398,,0,2PT Shot
https://www.nba.com/stats/events/?CFID=&CFPARAMS=&GameEventID=94&GameID=0022400894&Season=2024-25&flag=1&title=Sensabaugh%203%27%20Driving%20Layup%20(8%20PTS)%20(Martin%201%20AST),"""A player with jersey number 22 and jersey color white performed a 2PT Shot that was made and was assisted by player with jersey number 2.""",7.965954780578613,,2,2PT Shot
https://www.nba.com/stats/events/?CFID=&CFPARAMS=&GameEventID=46&GameID=0022400901&Season=2024-25&flag=1&title=Moody%203%27%20Running%20Layup%20(2%20PTS)%20(Curry%201%20AST),"""A player with jersey number 4 and jersey color white performed a 2PT Shot that was made and was assisted by player with jersey number 33.""",25.33281111717224,,7,2PT Shot
https://www.nba.com/stats/events/?CFID=&CFPARAMS=&GameEventID=69&GameID=0022400898&Season=2024-25&flag=1&title=MISS%20Cunningham%2027%27%203PT%20Pullup%20Jump%20Shot,"""A player with jersey number 10 and jersey color white performed a 2PT Shot that was made and was assisted by player with jersey number 11.""",7.821973085403442,,2,2PT Shot
https://www.nba.com/stats/events/?CFID=&CFPARAMS=&GameEventID=152&GameID=0022401222&Season=2024-25&flag=1&title=MISS%20Salaun%2030%27%203PT%20Jump%20Shot,"""A player with jersey number 1 and jersey color white performed a 2PT Shot that was made and was assisted by player with jersey number 24.""",11.07752799987793,,3,2PT Shot
https://www.nba.com/stats/events/?CFID=&CFPARAMS=&GameEventID=311&GameID=0022400860&Season=2024-25&flag=1&title=Green%2025%27%203PT%20Jump%20Shot%20(11%20PTS)%20(Smith%20Jr.%202%20AST),"""A player with jersey number 5 and jersey color purple performed a 2PT Shot that was made and was assisted by player with jersey number 1.""",7.822658777236939,,2,2PT Shot
https://www.nba.com/stats/events/?CFID=&CFPARAMS=&GameEventID=288&GameID=0022401226&Season=2024-25&flag=1&title=Powell%2024%27%203PT%20Jump%20Shot%20(16%20PTS)%20(Zubac%203%20AST),"""A player with jersey number 24 and jersey color red performed a 3PT Shot that was made and was assisted by player with jersey number 7.""",21.67328000068665,,6,3PT Shot
https://www.nba.com/stats/events/?CFID=&CFPARAMS=&GameEventID=624&GameID=0022400367&Season=2024-25&flag=1&title=Garza%2025%27%203PT%20Jump%20Shot%20(5%20PTS)%20(Dillingham%205%20AST),"""A player with jersey number 5 and jersey color white performed a Free Throw.""",7.51335883140564,,2,Free Throw
https://www.nba.com/stats/events/?CFID=&CFPARAMS=&GameEventID=314&GameID=0022400363&Season=2024-25&flag=1&title=MISS%20Brown%2026%27%203PT%20Jump%20Shot,"""A player with jersey number 23 and jersey color white performed a 3PT Shot that was made and was assisted by player with jersey number 7.""",0.998033046722412,,0,3PT Shot
https://www.nba.com/stats/events/?CFID=&CFPARAMS=&GameEventID=40&GameID=0022400870&Season=2024-25&flag=1&title=MISS%20Wagner%2028%27%203PT%20Jump%20Shot,"""A player with jersey number 22 and jersey color white performed a 2PT Shot that was made and was assisted by player with jersey number 5.""",14.841154098510742,,4,2PT Shot
https://www.nba.com/stats/events/?CFID=&CFPARAMS=&GameEventID=432&GameID=0022400382&Season=2024-25&flag=1&title=BUCKS%20Rebound,"""A player with jersey number 11 and jersey color green performed a 3PT Shot that was made and was assisted by player with jersey number 13.""",11.200368881225586,,3,3PT Shot
https://www.nba.com/stats/events/?CFID=&CFPARAMS=&GameEventID=162&GameID=0022400863&Season=2024-25&flag=1&title=MISS%20Castle%2032%27%203PT%20Pullup%20Jump%20Shot,"""A player with jersey number 5 and jersey color black performed a Steal.""",14.495298862457275,,4,Steal
https://www.nba.com/stats/events/?CFID=&CFPARAMS=&GameEventID=209&GameID=0022401228&Season=2024-25&flag=1&title=Doncic%2029%27%203PT%20Jump%20Shot%20(24%20PTS)%20(Dinwiddie%202%20AST),"""A player with jersey number 0 and jersey color blue performed a 3PT Shot that was made and was assisted by player with jersey number 7.""",21.70569682121277,,6,3PT Shot
https://www.nba.com/stats/events/?CFID=&CFPARAMS=&GameEventID=425&GameID=0022400872&Season=2024-25&flag=1&title=George%2026%27%203PT%20Pullup%20Jump%20Shot%20(8%20PTS),"""A player with jersey number 11 and jersey color purple performed a 2PT Shot that was made and was assisted by player with jersey number 1.""",7.813931941986084,,2,2PT Shot
https://www.nba.com/stats/events/?CFID=&CFPARAMS=&GameEventID=645&GameID=0022400869&Season=2024-25&flag=1&title=Burks%2027%27%203PT%20Pullup%20Jump%20Shot%20(12%20PTS)%20(Robinson%205%20AST),"""A player with jersey number 23 and jersey color white performed a 2PT Shot that was made and was assisted by player with jersey number 25.""",11.256114959716797,,3,2PT Shot
https://www.nba.com/stats/events/?CFID=&CFPARAMS=&GameEventID=82&GameID=0022401219&Season=2024-25&flag=1&title=SUNS%20Rebound,"""A player with jersey number 11 and jersey color white performed a 2PT Shot that was made and was assisted by player with jersey number 23.""",7.868003845214844,,2,2PT Shot
https://www.nba.com/stats/events/?CFID=&CFPARAMS=&GameEventID=560&GameID=0022400926&Season=2024-25&flag=1&title=Simons%2028%27%203PT%20Jump%20Shot%20(28%20PTS)%20(Clingan%203%20AST),"""A player with jersey number 5 and jersey color white performed a 2PT Shot that was made and was assisted by player with jersey number 6.""",14.511670112609863,,4,2PT Shot
https://www.nba.com/stats/events/?CFID=&CFPARAMS=&GameEventID=85&GameID=0022400873&Season=2024-25&flag=1&title=MISS%20DiVincenzo%2024%27%203PT%20Jump%20Shot,"""A player with jersey number 4 and jersey color purple performed a 2PT Shot that was made and was assisted by player with jersey number 11.""",7.777936935424805,,2,2PT Shot
https://www.nba.com/stats/events/?CFID=&CFPARAMS=&GameEventID=121&GameID=0022400874&Season=2024-25&flag=1&title=Knecht%2026%27%203PT%20Step%20Back%20Jump%20Shot%20(8%20PTS),"""A player with jersey number 33 and jersey color white performed a 2PT Shot that was made and was assisted by player with jersey number 7.""",7.742593050003052,,2,2PT Shot
https://www.nba.com/stats/events/?CFID=&CFPARAMS=&GameEventID=496&GameID=0022400374&Season=2024-25&flag=1&title=Mitchell%2025%27%203PT%20Step%20Back%20Jump%20Shot%20(27%20PTS),"""A player with jersey number 45 and jersey color white performed a 3PT Shot that was made.""",7.778160095214844,,2,3PT Shot
https://www.nba.com/stats/events/?CFID=&CFPARAMS=&GameEventID=278&GameID=0022400879&Season=2024-25&flag=1&title=Holiday%2026%27%203PT%20Running%20Jump%20Shot%20(8%20PTS)%20(Whitmore%201%20AST),"""A player with jersey number 1 and jersey color white performed a 2PT Shot that was made and was assisted by player with jersey number 2.""",21.564002990722656,,6,2PT Shot
https://www.nba.com/stats/events/?CFID=&CFPARAMS=&GameEventID=378&GameID=0022400397&Season=2024-25&flag=1&title=MISS%20Walter%203PT%20Jump%20Shot,"""A player with jersey number 8 and jersey color white performed a 2PT Shot that was made and was assisted by player with jersey number 2.""",7.647711992263794,,2,2PT Shot
https://www.nba.com/stats/events/?CFID=&CFPARAMS=&GameEventID=385&GameID=0022400374&Season=2024-25&flag=1&title=Strus%2028%27%203PT%20Jump%20Shot%20(3%20PTS)%20(Wade%202%20AST),"""A player with jersey number 23 and jersey color white performed a 3PT Shot that was made and was assisted by player with jersey number 7.""",1.0023999214172363,,0,3PT Shot
https://www.nba.com/stats/events/?CFID=&CFPARAMS=&GameEventID=300&GameID=0022400872&Season=2024-25&flag=1&title=Sensabaugh%203PT%20Jump%20Shot%20(17%20PTS)%20(George%203%20AST),"""A player with jersey number 28 and jersey color purple performed a 2PT Shot that was made and was assisted by player with jersey number 25.""",33.038431882858276,,9,2PT Shot
https://www.nba.com/stats/events/?CFID=&CFPARAMS=&GameEventID=295&GameID=0022401224&Season=2024-25&flag=1&title=Wilson%2028%27%203PT%20Jump%20Shot%20(9%20PTS)%20(Simmons%204%20AST),"""A player with jersey number 11 and jersey color white performed a 2PT Shot that was made and was assisted by player with jersey number 2.""",21.59526824951172,,6,2PT Shot
https://www.nba.com/stats/events/?CFID=&CFPARAMS=&GameEventID=345&GameID=0022400905&Season=2024-25&flag=1&title=Quickley%2025%27%203PT%20Jump%20Shot%20(13%20PTS)%20(Shead%203%20AST),"""A player with jersey number 23 and jersey color white performed a 2PT Shot that was made and was assisted by player with jersey number 7.""",1.0086369514465332,,0,2PT Shot
https://www.nba.com/stats/events/?CFID=&CFPARAMS=&GameEventID=185&GameID=0022400887&Season=2024-25&flag=1&title=MISS%20Alexander-Walker%2025%27%203PT%20Jump%20Shot,"""A player with jersey number 1 and jersey color white performed a 2PT Shot that was made and was assisted by player with jersey number 11.""",11.140367984771729,,3,2PT Shot
https://www.nba.com/stats/events/?CFID=&CFPARAMS=&GameEventID=523&GameID=0022400394&Season=2024-25&flag=1&title=Champagnie%2027%27%203PT%20Jump%20Shot%20(3%20PTS)%20(Paul%205%20AST),"""A player with jersey number 30 and jersey color black performed a 2PT Shot that was made and was assisted by player with jersey number 0.""",7.775336980819702,,2,2PT Shot
https://www.nba.com/stats/events/?CFID=&CFPARAMS=&GameEventID=182&GameID=0022400885&Season=2024-25&flag=1&title=Anunoby%2025%27%203PT%20Jump%20Shot%20(9%20PTS)%20(Payne%202%20AST),"""A player with jersey number 8 and jersey color white performed a 3PT Shot that was made and was assisted by player with jersey number 5.""",14.592594861984251,,4,3PT Shot
https://www.nba.com/stats/events/?CFID=&CFPARAMS=&GameEventID=396&GameID=0022400864&Season=2024-25&flag=1&title=Grimes%2025%27%203PT%20Jump%20Shot%20(27%20PTS)%20(Maxey%205%20AST),"""A player with jersey number 15 and jersey color white performed a 3PT Shot that was made and was assisted by player with jersey number 10.""",11.160229206085203,,3,3PT Shot
https://www.nba.com/stats/events/?CFID=&CFPARAMS=&GameEventID=551&GameID=0022400910&Season=2024-25&flag=1&title=LaRavia%2027%27%203PT%20Jump%20Shot%20(4%20PTS)%20(Murray%201%20AST),"""A player with jersey number 13 and jersey color black performed a 2PT Shot that was made and was assisted by player with jersey number 11.""",7.951460838317871,,2,2PT Shot
https://www.nba.com/stats/events/?CFID=&CFPARAMS=&GameEventID=245&GameID=0022400868&Season=2024-25&flag=1&title=Haliburton%2025%27%203PT%20Step%20Back%20Jump%20Shot%20(11%20PTS),"""A player with jersey number 2 and jersey color red performed a 2PT Shot that was made and was assisted by player with jersey number 0.""",7.818711042404175,,2,2PT Shot
https://www.nba.com/stats/events/?CFID=&CFPARAMS=&GameEventID=551&GameID=0022400402&Season=2024-25&flag=1&title=O%27Neale%2027%27%203PT%20Jump%20Shot%20(6%20PTS)%20(Beal%202%20AST),"""A player with jersey number 0 and jersey color purple performed a 3PT Shot that was made and was assisted by player with jersey number 0.""",14.376555919647217,,4,3PT Shot
https://www.nba.com/stats/events/?CFID=&CFPARAMS=&GameEventID=136&GameID=0022400873&Season=2024-25&flag=1&title=Jones%2032%27%203PT%20Pullup%20Jump%20Shot%20(6%20PTS),"""A player with jersey number 23 and jersey color white performed a 2PT Shot that was made and was assisted by player with jersey number 7.""",1.1850800514221191,,0,2PT Shot
https://www.nba.com/stats/events/?CFID=&CFPARAMS=&GameEventID=326&GameID=0022400871&Season=2024-25&flag=1&title=Jal.%20Williams%2027%27%203PT%20Step%20Back%20Jump%20Shot%20(22%20PTS),"""A player with jersey number 23 and jersey color white performed a 2PT Shot that was made and was assisted by player with jersey number 7.""",1.036529779434204,,0,2PT Shot
https://www.nba.com/stats/events/?CFID=&CFPARAMS=&GameEventID=392&GameID=0022400860&Season=2024-25&flag=1&title=Sarr%2027%27%203PT%20Jump%20Shot%20(7%20PTS)%20(George%205%20AST),"""A player with jersey number 1 and jersey color white performed a 2PT Shot that was made and was assisted by player with jersey number 11.""",7.893734931945801,,2,2PT Shot
https://www.nba.com/stats/events/?CFID=&CFPARAMS=&GameEventID=41&GameID=0022400382&Season=2024-25&flag=1&title=Middleton%2027%27%203PT%20Jump%20Shot%20(5%20PTS)%20(Portis%203%20AST),"""A player with jersey number 22 and jersey color green performed a 2PT Shot that was made and was assisted by player with jersey number 11.""",11.08639121055603,,3,2PT Shot
https://www.nba.com/stats/events/?CFID=&CFPARAMS=&GameEventID=58&GameID=0022400384&Season=2024-25&flag=1&title=Towns%2026%27%203PT%20Jump%20Shot%20(3%20PTS)%20(Anunoby%202%20AST),"""A player with jersey number 32 and jersey color blue performed a 2PT Shot that was made and was assisted by player with jersey number 21.""",7.8634209632873535,,2,2PT Shot
https://www.nba.com/stats/events/?CFID=&CFPARAMS=&GameEventID=292&GameID=0022400382&Season=2024-25&flag=1&title=Rollins%203PT%20Jump%20Shot%20(6%20PTS)%20(Portis%205%20AST),"""A player with jersey number 24 and jersey color white performed a 2PT Shot that was made and was assisted by player with jersey number 11.""",18.122589826583862,,5,2PT Shot
https://www.nba.com/stats/events/?CFID=&CFPARAMS=&GameEventID=183&GameID=0022400365&Season=2024-25&flag=1&title=Brooks%2024%27%203PT%20Jump%20Shot%20(9%20PTS)%20(Thompson%201%20AST),"""A player with jersey number 11 and jersey color blue performed a 2PT Shot that was made and was assisted by player with jersey number 24.""",11.215151071548462,,3,2PT Shot
https://www.nba.com/stats/events/?CFID=&CFPARAMS=&GameEventID=68&GameID=0022400873&Season=2024-25&flag=1&title=Booker%2025%27%203PT%20Jump%20Shot%20(10%20PTS)%20(Durant%202%20AST),"""A player with jersey number 22 and jersey color purple performed a 2PT Shot that was made and was assisted by player with jersey number 35.""",7.910800933837891,,2,2PT Shot
https://www.nba.com/stats/events/?CFID=&CFPARAMS=&GameEventID=568&GameID=0022401227&Season=2024-25&flag=1&title=Suggs%2029%27%203PT%20Pullup%20Jump%20Shot%20(9%20PTS),"""A player with jersey number 23 and jersey color white performed a 2PT Shot that was made and was assisted by player with jersey number 7.""",0.9510812759399414,,0,2PT Shot
https://www.nba.com/stats/events/?CFID=&CFPARAMS=&GameEventID=624&GameID=0022401225&Season=2024-25&flag=1&title=Tyson%2025%27%203PT%20Jump%20Shot%20(5%20PTS),"""A player with jersey number 17 and jersey color black performed a Steal.""",7.647056818008423,,2,Steal
https://www.nba.com/stats/events/?CFID=&CFPARAMS=&GameEventID=717&GameID=0022401224&Season=2024-25&flag=1&title=K.%20Johnson%2026%27%203PT%20Jump%20Shot%20(5%20PTS)%20(Simmons%208%20AST),"""A player with jersey number 23 and jersey color white performed a 2PT Shot that was made and was assisted by player with jersey number 7.""",0.903141975402832,,0,2PT Shot
https://www.nba.com/stats/events/?CFID=&CFPARAMS=&GameEventID=518&GameID=0022400371&Season=2024-25&flag=1&title=Jordan%20S.FOUL%20(P2.T2)%20(C.Washington),"""A player with jersey number 11 and jersey color white performed a 2PT Shot that was made and was assisted by player with jersey number 1.""",7.759806871414185,,2,2PT Shot
https://www.nba.com/stats/events/?CFID=&CFPARAMS=&GameEventID=434&GameID=0022400886&Season=2024-25&flag=1&title=Buzelis%20P.FOUL%20(P2.PN)%20(C.Kirkland),"""A player with jersey number 5 and jersey color white performed a 3PT Shot that was made and was assisted by player with jersey number 14.""",7.6663830280303955,,2,3PT Shot
https://www.nba.com/stats/events/?CFID=&CFPARAMS=&GameEventID=412&GameID=0022400898&Season=2024-25&flag=1&title=Coffey%20S.FOUL%20(P2.T4)%20(B.Nansel),"""A player with jersey number 8 and jersey color white performed a 2PT Shot that was made and was assisted by player with jersey number 11.""",17.73695397377014,,5,2PT Shot
https://www.nba.com/stats/events/?CFID=&CFPARAMS=&GameEventID=430&GameID=0022400394&Season=2024-25&flag=1&title=Bassey%20S.FOUL%20(P2.PN)%20(J.Schroeder),"""A player with jersey number 7 and jersey color white performed a 3PT Shot that was made and was assisted by player with jersey number 1.""",11.09432315826416,,3,3PT Shot
https://www.nba.com/stats/events/?CFID=&CFPARAMS=&GameEventID=723&GameID=0022400923&Season=2024-25&flag=1&title=Brown%20P.FOUL%20(P1.PN)%20(J.Butler),"""A player with jersey number 1 and jersey color white performed a 2PT Shot that was made and was assisted by player with jersey number 2.""",11.01370882987976,,3,2PT Shot
https://www.nba.com/stats/events/?CFID=&CFPARAMS=&GameEventID=291&GameID=0022400901&Season=2024-25&flag=1&title=Looney%20P.FOUL%20(P2.T2)%20(B.Kennedy),"""A player with jersey number 5 and jersey color white performed a 2PT Shot that was made and was assisted by player with jersey number 22.""",25.27124714851379,,7,2PT Shot
https://www.nba.com/stats/events/?CFID=&CFPARAMS=&GameEventID=93&GameID=0022400862&Season=2024-25&flag=1&title=DeRozan%20S.FOUL%20(P1.T2)%20(J.DeRosa),"""A player with jersey number 28 and jersey color red performed a Rebound.""",14.226314067840576,,4,Rebound
https://www.nba.com/stats/events/?CFID=&CFPARAMS=&GameEventID=94&GameID=0022400363&Season=2024-25&flag=1&title=LaVine%20P.FOUL%20(P1.T1)%20(T.Brothers),"""A player with jersey number 8 and jersey color white performed a 2PT Shot that was made and was assisted by player with jersey number 6.""",7.706899881362915,,2,2PT Shot
https://www.nba.com/stats/events/?CFID=&CFPARAMS=&GameEventID=348&GameID=0022400398&Season=2024-25&flag=1&title=Williams%20S.FOUL%20(P1.T1)%20(D.Scott),"""A player with jersey number 44 and jersey color white performed a 2PT Shot that was made and was assisted by player with jersey number 11.""",11.136452674865724,,3,2PT Shot
https://www.nba.com/stats/events/?CFID=&CFPARAMS=&GameEventID=294&GameID=0022400871&Season=2024-25&flag=1&title=Vassell%20S.FOUL%20(P1.PN)%20(K.Cutler),"""A player with jersey number 23 and jersey color white performed a 3PT Shot that was made and was assisted by player with jersey number 7.""",0.9397950172424316,,0,3PT Shot
https://www.nba.com/stats/events/?CFID=&CFPARAMS=&GameEventID=491&GameID=0022400870&Season=2024-25&flag=1&title=Robinson%20S.FOUL%20(P2.PN)%20(T.Brothers),"""A player with jersey number 13 and jersey color white performed a 2PT Shot that was made and was assisted by player with jersey number 11.""",11.135030031204224,,3,2PT Shot
https://www.nba.com/stats/events/?CFID=&CFPARAMS=&GameEventID=20&GameID=0022400366&Season=2024-25&flag=1&title=Jackson%20Jr.%20P.FOUL%20(P1.T1)%20(B.Forte),"""A player with jersey number 13 and jersey color red performed a 2PT Shot that was made and was assisted by player with jersey number 11.""",7.75904107093811,,2,2PT Shot
https://www.nba.com/stats/events/?CFID=&CFPARAMS=&GameEventID=24&GameID=0022400952&Season=2024-25&flag=1&title=Porter%20Jr.%20P.FOUL%20(P1.T1)%20(M.Ervin),"""A player with jersey number 15 and jersey color white performed a 3PT Shot that was made and was assisted by player with jersey number 1.""",21.586565017700195,,6,3PT Shot
https://www.nba.com/stats/events/?CFID=&CFPARAMS=&GameEventID=700&GameID=0022400926&Season=2024-25&flag=1&title=Grant%20P.FOUL%20(P2.PN)%20(T.Maddox),"""A player with jersey number 11 and jersey color red performed a 3PT Shot that was made and was assisted by player with jersey number 7.""",14.720858812332152,,4,3PT Shot
https://www.nba.com/stats/events/?CFID=&CFPARAMS=&GameEventID=9&GameID=0022400862&Season=2024-25&flag=1&title=Sengun%20S.FOUL%20(P1.T1)%20(K.Lane),"""A player with jersey number 23 and jersey color white performed a 3PT Shot that was made and was assisted by player with jersey number 7.""",0.981705904006958,,0,3PT Shot
https://www.nba.com/stats/events/?CFID=&CFPARAMS=&GameEventID=382&GameID=0022400901&Season=2024-25&flag=1&title=Santos%20S.FOUL%20(P1.T4)%20(D.Richardson),"""A player with jersey number 33 and jersey color white performed a 2PT Shot that was made and was assisted by player with jersey number 23.""",14.616267204284668,,4,2PT Shot
https://www.nba.com/stats/events/?CFID=&CFPARAMS=&GameEventID=175&GameID=0022400868&Season=2024-25&flag=1&title=Horton-Tucker%20S.FOUL%20(P1.T1)%20(C.Washington),"""A player with jersey number 23 and jersey color white performed a 2PT Shot that was made and was assisted by player with jersey number 10.""",0.9232909679412842,,0,2PT Shot
https://www.nba.com/stats/events/?CFID=&CFPARAMS=&GameEventID=630&GameID=0022400375&Season=2024-25&flag=1&title=Dort%20S.FOUL%20(P5.PN)%20(M.Lindsay),"""A player with jersey number 14 and jersey color black performed a 2PT Shot that was made and was assisted by player with jersey number 13.""",11.08771300315857,,3,2PT Shot
https://www.nba.com/stats/events/?CFID=&CFPARAMS=&GameEventID=179&GameID=0022400869&Season=2024-25&flag=1&title=Anderson%20S.FOUL%20(P1.T1)%20(T.Ricks),"""A player with jersey number 1 and jersey color white performed a 3PT Shot that was made and was assisted by player with jersey number 13.""",7.717972040176392,,2,3PT Shot
https://www.nba.com/stats/events/?CFID=&CFPARAMS=&GameEventID=501&GameID=0022400886&Season=2024-25&flag=1&title=Okoro%20P.FOUL%20(P3.PN)%20(S.Corbin),"""A player with jersey number 35 and jersey color black performed a Free Throw that was made and was assisted by player with jersey number 32.""",28.86752414703369,,8,Free Throw
https://www.nba.com/stats/events/?CFID=&CFPARAMS=&GameEventID=169&GameID=0022400363&Season=2024-25&flag=1&title=Horford%20S.FOUL%20(P1.T1)%20(J.Van%20Duyne),"""A player with jersey number 23 and jersey color white performed a 3PT Shot that was made and was assisted by player with jersey number 7.""",0.9396982192993164,,0,3PT Shot
https://www.nba.com/stats/events/?CFID=&CFPARAMS=&GameEventID=601&GameID=0022400866&Season=2024-25&flag=1&title=Porter%20Jr.%20Personal%20Take%20Foul%20(P2.PN)%20(E.Scott),"""A player with jersey number 42 and jersey color green performed a 3PT Shot that was made and was assisted by player with jersey number 2.""",7.938122987747192,,2,3PT Shot
https://www.nba.com/stats/events/?CFID=&CFPARAMS=&GameEventID=327&GameID=0022400402&Season=2024-25&flag=1&title=Porter%20Jr.%20S.FOUL%20(P1.PN)%20(K.Cutler),"""A player with jersey number 0 and jersey color purple performed a 3PT Shot that was made and was assisted by player with jersey number 22.""",7.712885141372681,,2,3PT Shot
https://www.nba.com/stats/events/?CFID=&CFPARAMS=&GameEventID=293&GameID=0022400919&Season=2024-25&flag=1&title=Duren%20S.FOUL%20(P2.PN)%20(R.Hussey),"""A player with jersey number 23 and jersey color white performed a 3PT Shot that was made and was assisted by player with jersey number 7.""",0.8985590934753418,,0,3PT Shot
https://www.nba.com/stats/events/?CFID=&CFPARAMS=&GameEventID=334&GameID=0022400860&Season=2024-25&flag=1&title=Middleton%20P.FOUL%20(P1.PN)%20(J.Goble),"""A player with jersey number 8 and jersey color white performed a 2PT Shot that was made and was assisted by player with jersey number 11.""",7.897442102432251,,2,2PT Shot
https://www.nba.com/stats/events/?CFID=&CFPARAMS=&GameEventID=550&GameID=0022401220&Season=2024-25&flag=1&title=Koloko%20S.FOUL%20(P2.PN)%20(C.Kirkland),"""A player with jersey number 10 and jersey color blue performed a 2PT Shot that was made and was assisted by player with jersey number 1.""",14.507673025131226,,4,2PT Shot
https://www.nba.com/stats/events/?CFID=&CFPARAMS=&GameEventID=761&GameID=0022400919&Season=2024-25&flag=1&title=Beasley%20S.FOUL%20(P3.T4)%20(R.Hussey),"""A player with jersey number 5 and jersey color blue performed a 3PT Shot that was made and was assisted by player with jersey number 30.""",25.43090796470642,,7,3PT Shot
https://www.nba.com/stats/events/?CFID=&CFPARAMS=&GameEventID=263&GameID=0022401221&Season=2024-25&flag=1&title=Smith%20P.FOUL%20(P2.T4)%20(A.Nagy),"""A player with jersey number 12 and jersey color red performed a Steal.""",17.65353012084961,,5,Steal
https://www.nba.com/stats/events/?CFID=&CFPARAMS=&GameEventID=303&GameID=0022401223&Season=2024-25&flag=1&title=Olynyk%20P.FOUL%20(P2.T2)%20(S.Mehta),"""A player with jersey number 44 and jersey color black performed a 2PT Shot that was made and was assisted by player with jersey number 30.""",29.04514980316162,,8,2PT Shot
https://www.nba.com/stats/events/?CFID=&CFPARAMS=&GameEventID=327&GameID=0022401219&Season=2024-25&flag=1&title=Grant%20P.FOUL%20(P2.T1)%20(T.Ford),"""A player with jersey number 35 and jersey color purple performed a Rebound.""",7.588838815689087,,2,Rebound
https://www.nba.com/stats/events/?CFID=&CFPARAMS=&GameEventID=123&GameID=0022400910&Season=2024-25&flag=1&title=DeRozan%20P.FOUL%20(P1.T2)%20(S.Twardoski),"""A player with jersey number 10 and jersey color purple performed a Free Throw that was made and was assisted by player with jersey number 11.""",8.068518161773682,,2,Free Throw
https://www.nba.com/stats/events/?CFID=&CFPARAMS=&GameEventID=528&GameID=0022400885&Season=2024-25&flag=1&title=McBride%20S.FOUL%20(P1.T4)%20(C.Washington),"""A player with jersey number 10 and jersey color blue performed a 3PT Shot that was made and was assisted by player with jersey number 21.""",11.397038221359251,,3,3PT Shot
https://www.nba.com/stats/events/?CFID=&CFPARAMS=&GameEventID=346&GameID=0022400363&Season=2024-25&flag=1&title=White%20P.FOUL%20(P2.T1)%20(T.Brothers),"""A player with jersey number 23 and jersey color white performed a 2PT Shot that was made and was assisted by player with jersey number 7.""",1.1361641883850098,,0,2PT Shot
https://www.nba.com/stats/events/?CFID=&CFPARAMS=&GameEventID=560&GameID=0022400898&Season=2024-25&flag=1&title=Harden%20Free%20Throw%201%20of%202%20(46%20PTS),"""A player with jersey number 1 and jersey color blue performed a Free Throw.""",7.504165887832642,,2,Free Throw
https://www.nba.com/stats/events/?CFID=&CFPARAMS=&GameEventID=649&GameID=0022400864&Season=2024-25&flag=1&title=Maxey%20Free%20Throw%20Technical%20(5%20PTS),"""A player with jersey number 0 and jersey color white performed a Free Throw.""",10.904597043991089,,3,Free Throw
https://www.nba.com/stats/events/?CFID=&CFPARAMS=&GameEventID=299&GameID=0022401221&Season=2024-25&flag=1&title=Butler%20Free%20Throw%201%20of%202%20(14%20PTS),"""A player with jersey number 22 and jersey color red performed a 2PT Shot that was made and was assisted by player with jersey number 24.""",11.155807971954346,,3,2PT Shot
https://www.nba.com/stats/events/?CFID=&CFPARAMS=&GameEventID=70&GameID=0022400917&Season=2024-25&flag=1&title=Antetokounmpo%20Free%20Throw%20Flagrant%201%20of%202%20(7%20PTS),"""A player with jersey number 4 and jersey color white performed a Free Throw.""",7.537736892700195,,2,Free Throw
https://www.nba.com/stats/events/?CFID=&CFPARAMS=&GameEventID=318&GameID=0022400365&Season=2024-25&flag=1&title=VanVleet%20Free%20Throw%202%20of%202%20(9%20PTS),"""A player with jersey number 5 and jersey color red performed a 2PT Shot that was made and was assisted by player with jersey number 9.""",17.86088991165161,,5,2PT Shot
https://www.nba.com/stats/events/?CFID=&CFPARAMS=&GameEventID=221&GameID=0022400384&Season=2024-25&flag=1&title=Jones%20Free%20Throw%202%20of%202%20(4%20PTS),"""A player with jersey number 1 and jersey color blue performed a 2PT Shot that was made and was assisted by player with jersey number 10.""",7.654347896575928,,2,2PT Shot
https://www.nba.com/stats/events/?CFID=&CFPARAMS=&GameEventID=28&GameID=0022400862&Season=2024-25&flag=1&title=Sengun%20Free%20Throw%201%20of%202%20(3%20PTS),"""A player with jersey number 28 and jersey color red performed a 2PT Shot that was made and was assisted by player with jersey number 10.""",10.971603155136108,,3,2PT Shot
https://www.nba.com/stats/events/?CFID=&CFPARAMS=&GameEventID=536&GameID=0022400371&Season=2024-25&flag=1&title=Murray%20Free%20Throw%201%20of%202%20(15%20PTS),"""A player with jersey number 12 and jersey color white performed a Free Throw.""",7.394463062286377,,2,Free Throw
https://www.nba.com/stats/events/?CFID=&CFPARAMS=&GameEventID=570&GameID=0022400365&Season=2024-25&flag=1&title=McCollum%20Free%20Throw%201%20of%202%20(17%20PTS),"""A player with jersey number 10 and jersey color red performed a Free Throw.""",7.4338538646698,,2,Free Throw
https://www.nba.com/stats/events/?CFID=&CFPARAMS=&GameEventID=504&GameID=0022400887&Season=2024-25&flag=1&title=Conley%20Free%20Throw%20Technical%20(12%20PTS),"""A player with jersey number 10 and jersey color blue performed a 3PT Shot that was made and was assisted by player with jersey number 11.""",7.666550874710083,,2,3PT Shot
https://www.nba.com/stats/events/?CFID=&CFPARAMS=&GameEventID=495&GameID=0022401220&Season=2024-25&flag=1&title=Edey%20Free%20Throw%201%20of%201%20(9%20PTS),"""A player with jersey number 14 and jersey color blue performed a Free Throw.""",7.382438182830811,,2,Free Throw
https://www.nba.com/stats/events/?CFID=&CFPARAMS=&GameEventID=705&GameID=0022400861&Season=2024-25&flag=1&title=Wilson%20Free%20Throw%201%20of%202%20(10%20PTS),"""A player with jersey number 9 and jersey color black performed a 3PT Shot that was made and was assisted by player with jersey number 22.""",17.87532901763916,,5,3PT Shot
https://www.nba.com/stats/events/?CFID=&CFPARAMS=&GameEventID=348&GameID=0022400886&Season=2024-25&flag=1&title=MISS%20Jones%20Free%20Throw%201%20of%202,"""A player with jersey number 30 and jersey color white performed a Free Throw that was made and was assisted by player with jersey number 10.""",11.065063953399658,,3,Free Throw
https://www.nba.com/stats/events/?CFID=&CFPARAMS=&GameEventID=167&GameID=0022400367&Season=2024-25&flag=1&title=Bridges%20Free%20Throw%201%20of%201%20(11%20PTS),"""A player with jersey number 5 and jersey color blue performed a 3PT Shot that was made and was assisted by player with jersey number 1.""",7.675269842147827,,2,3PT Shot
https://www.nba.com/stats/events/?CFID=&CFPARAMS=&GameEventID=542&GameID=0022400374&Season=2024-25&flag=1&title=Thompson%20Free%20Throw%201%20of%202%20(1%20PTS),"""A player with jersey number 13 and jersey color white performed a 2PT Shot that was made and was assisted by player with jersey number 1.""",14.374571084976196,,4,2PT Shot
https://www.nba.com/stats/events/?CFID=&CFPARAMS=&GameEventID=378&GameID=0022401224&Season=2024-25&flag=1&title=Simmons%20Free%20Throw%202%20of%202%20(6%20PTS),"""A player with jersey number 10 and jersey color gray performed a 2PT Shot that was made and was assisted by player with jersey number 11.""",10.916746377944946,,3,2PT Shot
https://www.nba.com/stats/events/?CFID=&CFPARAMS=&GameEventID=502&GameID=0022400923&Season=2024-25&flag=1&title=Matkovi%C4%87%20Free%20Throw%202%20of%202%20(7%20PTS),"""A player with jersey number 17 and jersey color blue performed a 2PT Shot that was made and was assisted by player with jersey number 1.""",7.668206930160523,,2,2PT Shot
https://www.nba.com/stats/events/?CFID=&CFPARAMS=&GameEventID=220&GameID=0022400886&Season=2024-25&flag=1&title=Jerome%20Free%20Throw%201%20of%202%20(3%20PTS),"""A player with jersey number 22 and jersey color white performed a Free Throw that was made and was assisted by player with jersey number 2.""",11.102971076965332,,3,Free Throw
https://www.nba.com/stats/events/?CFID=&CFPARAMS=&GameEventID=366&GameID=0022400394&Season=2024-25&flag=1&title=MISS%20C.%20Martin%20Free%20Throw%201%20of%202,"""A player with jersey number 23 and jersey color white performed a 3PT Shot that was made and was assisted by player with jersey number 7.""",0.8813211917877197,,0,3PT Shot
https://www.nba.com/stats/events/?CFID=&CFPARAMS=&GameEventID=394&GameID=0022400861&Season=2024-25&flag=1&title=Claxton%20Free%20Throw%202%20of%202%20(7%20PTS),"""A player with jersey number 23 and jersey color white performed a Free Throw that was made and was assisted by player with jersey number 7.""",14.423779726028442,,4,Free Throw
https://www.nba.com/stats/events/?CFID=&CFPARAMS=&GameEventID=674&GameID=0022401228&Season=2024-25&flag=1&title=Thompson%20Free%20Throw%203%20of%203%20(28%20PTS),"""A player with jersey number 31 and jersey color white performed a Free Throw that was made and was assisted by player with jersey number 2.""",11.147249221801758,,3,Free Throw
https://www.nba.com/stats/events/?CFID=&CFPARAMS=&GameEventID=439&GameID=0022400874&Season=2024-25&flag=1&title=Harden%20Free%20Throw%201%20of%201%20(11%20PTS),"""A player with jersey number 1 and jersey color navy performed a 2PT Shot that was made and was assisted by player with jersey number 2.""",7.675667285919189,,2,2PT Shot
https://www.nba.com/stats/events/?CFID=&CFPARAMS=&GameEventID=300&GameID=0022400363&Season=2024-25&flag=1&title=Porzingis%20Free%20Throw%201%20of%202%20(11%20PTS),"""A player with jersey number 8 and jersey color white performed a 2PT Shot that was made and was assisted by player with jersey number 4.""",11.146885871887209,,3,2PT Shot
https://www.nba.com/stats/events/?CFID=&CFPARAMS=&GameEventID=604&GameID=0022400860&Season=2024-25&flag=1&title=Champagnie%20Free%20Throw%201%20of%202%20(10%20PTS),"""A player with jersey number 1 and jersey color purple performed a Free Throw that was made and was assisted by player with jersey number 10.""",21.454424142837524,,6,Free Throw
https://www.nba.com/stats/events/?CFID=&CFPARAMS=&GameEventID=191&GameID=0022400923&Season=2024-25&flag=1&title=MISS%20Morant%20Free%20Throw%201%20of%202,"""A player with jersey number 25 and jersey color white performed a 2PT Shot that was made and was assisted by player with jersey number 11.""",7.623776912689209,,2,2PT Shot
https://www.nba.com/stats/events/?CFID=&CFPARAMS=&GameEventID=468&GameID=0022400901&Season=2024-25&flag=1&title=Wilson%20Free%20Throw%202%20of%202%20(9%20PTS),"""A player with jersey number 23 and jersey color white performed a 3PT Shot that was made and was assisted by player with jersey number 7.""",0.9472229480743408,,0,3PT Shot
https://www.nba.com/stats/events/?CFID=&CFPARAMS=&GameEventID=522&GameID=0022400371&Season=2024-25&flag=1&title=Henderson%20Free%20Throw%202%20of%202%20(7%20PTS),"""A player with jersey number 23 and jersey color white performed a 2PT Shot that was made and was assisted by player with jersey number 7.""",0.9278101921081544,,0,2PT Shot
https://www.nba.com/stats/events/?CFID=&CFPARAMS=&GameEventID=615&GameID=0022400865&Season=2024-25&flag=1&title=Irving%20Free%20Throw%201%20of%203%20(29%20PTS),"""A player with jersey number 31 and jersey color white performed a Free Throw that was made and was assisted by player with jersey number 34.""",8.04789686203003,,2,Free Throw
https://www.nba.com/stats/events/?CFID=&CFPARAMS=&GameEventID=327&GameID=0022401217&Season=2024-25&flag=1&title=Celtics%20Rebound,"""A player with jersey number 40 and jersey color green performed a 2PT Shot that was made and was assisted by player with jersey number 23.""",14.653525590896606,,4,2PT Shot
https://www.nba.com/stats/events/?CFID=&CFPARAMS=&GameEventID=501&GameID=0022401226&Season=2024-25&flag=1&title=Harden%20Free%20Throw%201%20of%201%20(41%20PTS),"""A player with jersey number 13 and jersey color white performed a 3PT Shot that was made and was assisted by player with jersey number 11.""",10.954582691192629,,3,3PT Shot
https://www.nba.com/stats/events/?CFID=&CFPARAMS=&GameEventID=714&GameID=0022400433&Season=2024-25&flag=1&title=Maxey%20Free%20Throw%201%20of%202%20(31%20PTS),"""A player with jersey number 0 and jersey color white performed a Free Throw that was made and was assisted by player with jersey number 21.""",17.925818920135498,,5,Free Throw
https://www.nba.com/stats/events/?CFID=&CFPARAMS=&GameEventID=596&GameID=0022401223&Season=2024-25&flag=1&title=White%20Free%20Throw%201%20of%202%20(14%20PTS),"""A player with jersey number 19 and jersey color red performed a Free Throw that was made and was assisted by player with jersey number 11.""",14.424889087677002,,4,Free Throw
https://www.nba.com/stats/events/?CFID=&CFPARAMS=&GameEventID=481&GameID=0022400874&Season=2024-25&flag=1&title=MISS%20Leonard%20Free%20Throw%20Technical,"""A player with jersey number 2 and jersey color navy performed a Free Throw.""",7.474969148635864,,2,Free Throw
https://www.nba.com/stats/events/?CFID=&CFPARAMS=&GameEventID=672&GameID=0022401225&Season=2024-25&flag=1&title=Tyson%20Free%20Throw%202%20of%202%20(7%20PTS),"""A player with jersey number 10 and jersey color purple performed a Free Throw that was made and was assisted by player with jersey number 11.""",11.141090154647827,,3,Free Throw
https://www.nba.com/stats/events/?CFID=&CFPARAMS=&GameEventID=470&GameID=0062400001&Season=2024-25&flag=1&title=Antetokounmpo%20Free%20Throw%201%20of%201%20(24%20PTS),"""A player with jersey number 34 and jersey color black performed a 2PT Shot that was made and was assisted by player with jersey number 3.""",7.790863752365112,,2,2PT Shot
https://www.nba.com/stats/events/?CFID=&CFPARAMS=&GameEventID=283&GameID=0022401224&Season=2024-25&flag=1&title=Sharpe%20Free%20Throw%201%20of%202%20(3%20PTS),"""A player with jersey number 23 and jersey color white performed a 3PT Shot that was made and was assisted by player with jersey number 7.""",0.8730440139770508,,0,3PT Shot
https://www.nba.com/stats/events/?CFID=&CFPARAMS=&GameEventID=294&GameID=0022401222&Season=2024-25&flag=1&title=Richards%20Free%20Throw%201%20of%202%20(7%20PTS),"""A player with jersey number 25 and jersey color teal performed a Free Throw.""",7.465023994445801,,2,Free Throw
https://www.nba.com/stats/events/?CFID=&CFPARAMS=&GameEventID=551&GameID=0022400382&Season=2024-25&flag=1&title=Rollins%20Free%20Throw%202%20of%202%20(12%20PTS),"""A player with jersey number 9 and jersey color green performed a 2PT Shot that was made and was assisted by player with jersey number 8.""",11.051779747009276,,3,2PT Shot
https://www.nba.com/stats/events/?CFID=&CFPARAMS=&GameEventID=347&GameID=0022400374&Season=2024-25&flag=1&title=Wade%20Free%20Throw%201%20of%201%20(15%20PTS),"""A player with jersey number 23 and jersey color white performed a 2PT Shot that was made and was assisted by player with jersey number 7.""",0.82741379737854,,0,2PT Shot
https://www.nba.com/stats/events/?CFID=&CFPARAMS=&GameEventID=621&GameID=0022400873&Season=2024-25&flag=1&title=A.%20Edwards%20Free%20Throw%20Clear%20Path%202%20of%202%20(42%20PTS),"""A player with jersey number 5 and jersey color white performed a Free Throw that was made and was assisted by player with jersey number 11.""",21.41593980789185,,6,Free Throw
https://www.nba.com/stats/events/?CFID=&CFPARAMS=&GameEventID=644&GameID=0022400870&Season=2024-25&flag=1&title=Banchero%20Free%20Throw%202%20of%202%20(12%20PTS),"""A player with jersey number 23 and jersey color white performed a 3PT Shot that was made and was assisted by player with jersey number 7.""",0.9994559288024902,,0,3PT Shot
https://www.nba.com/stats/events/?CFID=&CFPARAMS=&GameEventID=364&GameID=0022400378&Season=2024-25&flag=1&title=Johnson%20Free%20Throw%202%20of%202%20(13%20PTS),"""A player with jersey number 1 and jersey color white performed a Free Throw that was made and was assisted by player with jersey number 14.""",14.634811162948608,,4,Free Throw
https://www.nba.com/stats/events/?CFID=&CFPARAMS=&GameEventID=497&GameID=0022400398&Season=2024-25&flag=1&title=Prince%20Free%20Throw%202%20of%202%20(4%20PTS),"""A player with jersey number 23 and jersey color white performed a 2PT Shot that was made and was assisted by player with jersey number 7.""",0.8813402652740479,,0,2PT Shot
https://www.nba.com/stats/events/?CFID=&CFPARAMS=&GameEventID=471&GameID=0022400910&Season=2024-25&flag=1&title=Fox%20Free%20Throw%201%20of%201%20(14%20PTS),"""A player with jersey number 10 and jersey color purple performed a Free Throw that was made and was assisted by player with jersey number 11.""",11.1707661151886,,3,Free Throw
https://www.nba.com/stats/events/?CFID=&CFPARAMS=&GameEventID=391&GameID=0022401225&Season=2024-25&flag=1&title=Fox%20Free%20Throw%201%20of%202%20(11%20PTS),"""A player with jersey number 5 and jersey color black performed a Free Throw that was made and was assisted by player with jersey number 15.""",11.037742137908936,,3,Free Throw
https://www.nba.com/stats/events/?CFID=&CFPARAMS=&GameEventID=99&GameID=0022400368&Season=2024-25&flag=1&title=Grimes%20Free%20Throw%203%20of%203%20(6%20PTS),"""A player with jersey number 23 and jersey color white performed a 2PT Shot that was made and was assisted by player with jersey number 7.""",0.8901879787445068,,0,2PT Shot
https://www.nba.com/stats/events/?CFID=&CFPARAMS=&GameEventID=400&GameID=0022401221&Season=2024-25&flag=1&title=Butler%20Free%20Throw%202%20of%202%20(23%20PTS),"""A player with jersey number 13 and jersey color red performed a 2PT Shot that was made and was assisted by player with jersey number 1.""",11.002035140991213,,3,2PT Shot
https://www.nba.com/stats/events/?CFID=&CFPARAMS=&GameEventID=216&GameID=0022400865&Season=2024-25&flag=1&title=Irving%20Free%20Throw%202%20of%202%20(12%20PTS),"""A player with jersey number 23 and jersey color white performed a 2PT Shot that was made and was assisted by player with jersey number 10.""",0.8973939418792725,,0,2PT Shot
https://www.nba.com/stats/events/?CFID=&CFPARAMS=&GameEventID=438&GameID=0022400910&Season=2024-25&flag=1&title=Champagnie%20Free%20Throw%20Technical%20(1%20PTS),"""A player with jersey number 10 and jersey color black performed a Free Throw that was made and was assisted by player with jersey number 11.""",18.110331058502197,,5,Free Throw
https://www.nba.com/stats/events/?CFID=&CFPARAMS=&GameEventID=658&GameID=0022401222&Season=2024-25&flag=1&title=George%20Free%20Throw%201%20of%201%20(33%20PTS),"""A player with jersey number 11 and jersey color teal performed a 2PT Shot that was made and was assisted by player with jersey number 9.""",14.527998924255373,,4,2PT Shot
https://www.nba.com/stats/events/?CFID=&CFPARAMS=&GameEventID=226&GameID=0022400917&Season=2024-25&flag=1&title=MISS%20Banchero%20Free%20Throw%201%20of%202,"""A player with jersey number 11 and jersey color white performed a Free Throw.""",7.558432817459107,,2,Free Throw
https://www.nba.com/stats/events/?CFID=&CFPARAMS=&GameEventID=582&GameID=0022400394&Season=2024-25&flag=1&title=Vassell%20Free%20Throw%202%20of%202%20(15%20PTS),"""A player with jersey number 24 and jersey color black performed a Free Throw.""",7.389827966690064,,2,Free Throw
https://www.nba.com/stats/events/?CFID=&CFPARAMS=&GameEventID=431&GameID=0022400874&Season=2024-25&flag=1&title=Harden%20Free%20Throw%201%20of%202%20(6%20PTS),"""A player with jersey number 23 and jersey color white performed a 2PT Shot that was made and was assisted by player with jersey number 7.""",0.936434268951416,,0,2PT Shot
https://www.nba.com/stats/events/?CFID=&CFPARAMS=&GameEventID=275&GameID=0022400879&Season=2024-25&flag=1&title=Wiggins%20REBOUND%20(Off:1%20Def:2),"""A player with jersey number 10 and jersey color black performed a 2PT Shot that was made and was assisted by player with jersey number 2.""",11.197643041610718,,3,2PT Shot
https://www.nba.com/stats/events/?CFID=&CFPARAMS=&GameEventID=149&GameID=0022400394&Season=2024-25&flag=1&title=C.%20Martin%20REBOUND%20(Off:1%20Def:0),"""A player with jersey number 5 and jersey color black performed a Free Throw that was made and was assisted by player with jersey number 0.""",18.058207035064697,,5,Free Throw
https://www.nba.com/stats/events/?CFID=&CFPARAMS=&GameEventID=79&GameID=0022400374&Season=2024-25&flag=1&title=Antetokounmpo%20Out%20of%20Bounds%20-%20Bad%20Pass%20Turnover%20Turnover%20(P2.T3),"""A player with jersey number 1 and jersey color white performed a 3PT Shot that was made and was assisted by player with jersey number 10.""",7.669642210006714,,2,3PT Shot
https://www.nba.com/stats/events/?CFID=&CFPARAMS=&GameEventID=318&GameID=0022401220&Season=2024-25&flag=1&title=Pippen%20Jr.%20Offensive%20Goaltending%20Turnover%20(P3.T10),"""A player with jersey number 1 and jersey color blue performed a Steal.""",10.834182024002075,,3,Steal
https://www.nba.com/stats/events/?CFID=&CFPARAMS=&GameEventID=628&GameID=0022400378&Season=2024-25&flag=1&title=Jackson%20Jr.%20Out%20of%20Bounds%20Lost%20Ball%20Turnover%20(P3.T16),"""A player with jersey number 13 and jersey color blue performed a Free Throw.""",14.25658392906189,,4,Free Throw
https://www.nba.com/stats/events/?CFID=&CFPARAMS=&GameEventID=71&GameID=0022401226&Season=2024-25&flag=1&title=George%20Traveling%20Turnover%20(P1.T3),"""A player with jersey number 24 and jersey color red performed a Free Throw.""",17.716645002365112,,5,Free Throw
https://www.nba.com/stats/events/?CFID=&CFPARAMS=&GameEventID=476&GameID=0022400901&Season=2024-25&flag=1&title=Watford%20Out%20of%20Bounds%20Lost%20Ball%20Turnover%20(P2.T9),"""A player with jersey number 23 and jersey color white performed a 2PT Shot that was made and was assisted by player with jersey number 7.""",0.923391819000244,,0,2PT Shot
https://www.nba.com/stats/events/?CFID=&CFPARAMS=&GameEventID=143&GameID=0022400863&Season=2024-25&flag=1&title=Edey%203%20Second%20Violation%20Turnover%20(P1.T5),"""A player with jersey number 30 and jersey color black performed a Block.""",7.53168511390686,,2,Block
https://www.nba.com/stats/events/?CFID=&CFPARAMS=&GameEventID=413&GameID=0022401222&Season=2024-25&flag=1&title=Maxey%20Traveling%20Turnover%20(P2.T11),"""A player with jersey number 0 and jersey color white performed a 2PT Shot that was made and was assisted by player with jersey number 8.""",14.394520044326782,,4,2PT Shot
https://www.nba.com/stats/events/?CFID=&CFPARAMS=&GameEventID=472&GameID=0022400901&Season=2024-25&flag=1&title=Santos%20Out%20of%20Bounds%20-%20Bad%20Pass%20Turnover%20Turnover%20(P1.T13),"""A player with jersey number 10 and jersey color white performed a Free Throw that was made and was assisted by player with jersey number 30.""",11.146844863891602,,3,Free Throw
https://www.nba.com/stats/events/?CFID=&CFPARAMS=&GameEventID=586&GameID=0022401227&Season=2024-25&flag=1&title=Hart%20Out%20of%20Bounds%20-%20Bad%20Pass%20Turnover%20Turnover%20(P5.T16),"""A player with jersey number 3 and jersey color blue performed a 2PT Shot that was made and was assisted by player with jersey number 2.""",7.67189884185791,,2,2PT Shot
